{"data_time": 0.1508023044998481, "eta_seconds": 572.525765839996, "fast_rcnn/cls_accuracy": 0.92138671875, "fast_rcnn/false_negative": 0.21609278072462468, "fast_rcnn/fg_cls_accuracy": 0.757155172413793, "iteration": 19, "loss_box_reg": 0.33148743212223053, "loss_cls": 0.20165957510471344, "loss_mask": 0.2215477004647255, "loss_rpn_cls": 0.026074696332216263, "loss_rpn_loc": 0.06413057819008827, "lr": 1.9281e-05, "mask_rcnn/accuracy": 0.903956229808778, "mask_rcnn/false_negative": 0.08234539631420831, "mask_rcnn/false_positive": 0.10711848229581393, "rank_data_time": 0.1508023044998481, "roi_head/num_bg_samples": 97.375, "roi_head/num_fg_samples": 30.625, "rpn/num_neg_anchors": 217.8125, "rpn/num_pos_anchors": 38.1875, "time": 2.0447348779999857, "total_loss": 0.8611824028193951}
{"data_time": 0.10552802550000706, "eta_seconds": 535.8437311499688, "fast_rcnn/cls_accuracy": 0.923828125, "fast_rcnn/false_negative": 0.24441201393465775, "fast_rcnn/fg_cls_accuracy": 0.7371327254305977, "iteration": 39, "loss_box_reg": 0.3076845705509186, "loss_cls": 0.21846814453601837, "loss_mask": 0.21360307931900024, "loss_rpn_cls": 0.01794204581528902, "loss_rpn_loc": 0.08157186582684517, "lr": 3.9261e-05, "mask_rcnn/accuracy": 0.9100209357665386, "mask_rcnn/false_negative": 0.08126719989606943, "mask_rcnn/false_positive": 0.09981778346154377, "rank_data_time": 0.10552802550000706, "roi_head/num_bg_samples": 98.4375, "roi_head/num_fg_samples": 29.5625, "rpn/num_neg_anchors": 216.5625, "rpn/num_pos_anchors": 39.4375, "time": 2.095052449499917, "total_loss": 0.8192806616425514}
{"data_time": 0.13596904249993713, "eta_seconds": 504.08813916003055, "fast_rcnn/cls_accuracy": 0.92041015625, "fast_rcnn/false_negative": 0.20272179668327506, "fast_rcnn/fg_cls_accuracy": 0.7730823863636364, "iteration": 59, "loss_box_reg": 0.3117661476135254, "loss_cls": 0.20966827869415283, "loss_mask": 0.1970970779657364, "loss_rpn_cls": 0.017563953064382076, "loss_rpn_loc": 0.04875790700316429, "lr": 5.924099999999999e-05, "mask_rcnn/accuracy": 0.9150074962763595, "mask_rcnn/false_negative": 0.07299565864405415, "mask_rcnn/false_positive": 0.08603912341671668, "rank_data_time": 0.13596904249993713, "roi_head/num_bg_samples": 97.8125, "roi_head/num_fg_samples": 30.1875, "rpn/num_neg_anchors": 220.5, "rpn/num_pos_anchors": 35.5, "time": 2.214471446500056, "total_loss": 0.8252320983447134}
{"data_time": 0.19307369499995275, "eta_seconds": 468.3438829299871, "fast_rcnn/cls_accuracy": 0.927734375, "fast_rcnn/false_negative": 0.20786345108695653, "fast_rcnn/fg_cls_accuracy": 0.772969395661157, "iteration": 79, "loss_box_reg": 0.3277232050895691, "loss_cls": 0.200638547539711, "loss_mask": 0.21281131356954575, "loss_rpn_cls": 0.023531615734100342, "loss_rpn_loc": 0.05016135610640049, "lr": 7.922099999999998e-05, "mask_rcnn/accuracy": 0.9083894770365312, "mask_rcnn/false_negative": 0.08482233596947539, "mask_rcnn/false_positive": 0.10475828703057297, "rank_data_time": 0.19307369499995275, "roi_head/num_bg_samples": 98.3125, "roi_head/num_fg_samples": 29.6875, "rpn/num_neg_anchors": 221.5, "rpn/num_pos_anchors": 34.5, "time": 2.288633089500081, "total_loss": 0.8203353830613196}
{"data_time": 0.14521336400002838, "eta_seconds": 427.58826639997096, "fast_rcnn/cls_accuracy": 0.916015625, "fast_rcnn/false_negative": 0.2331896551724138, "fast_rcnn/fg_cls_accuracy": 0.7369508368200837, "iteration": 99, "loss_box_reg": 0.33004826307296753, "loss_cls": 0.24148180335760117, "loss_mask": 0.23003409057855606, "loss_rpn_cls": 0.023389975540339947, "loss_rpn_loc": 0.07004843279719353, "lr": 9.9201e-05, "mask_rcnn/accuracy": 0.9045159972387933, "mask_rcnn/false_negative": 0.09215012730521757, "mask_rcnn/false_positive": 0.1102295325723936, "rank_data_time": 0.14521336400002838, "roi_head/num_bg_samples": 98.25, "roi_head/num_fg_samples": 29.75, "rpn/num_neg_anchors": 211.5, "rpn/num_pos_anchors": 44.5, "time": 2.147347408499968, "total_loss": 0.8995003355666995}
{"data_time": 0.16146416449998924, "eta_seconds": 386.1690951599826, "fast_rcnn/cls_accuracy": 0.92138671875, "fast_rcnn/false_negative": 0.21998671263377145, "fast_rcnn/fg_cls_accuracy": 0.7566826798493034, "iteration": 119, "loss_box_reg": 0.30736683309078217, "loss_cls": 0.21730153262615204, "loss_mask": 0.22086182981729507, "loss_rpn_cls": 0.024978406727313995, "loss_rpn_loc": 0.061389435082674026, "lr": 0.000119181, "mask_rcnn/accuracy": 0.9026035442434523, "mask_rcnn/false_negative": 0.08317618186853196, "mask_rcnn/false_positive": 0.10115275016223832, "rank_data_time": 0.16146416449998924, "roi_head/num_bg_samples": 98.375, "roi_head/num_fg_samples": 29.625, "rpn/num_neg_anchors": 217.4375, "rpn/num_pos_anchors": 38.5625, "time": 2.238648873499983, "total_loss": 0.8223727308213711}
{"data_time": 0.14844546850008555, "eta_seconds": 346.3466938400052, "fast_rcnn/cls_accuracy": 0.92236328125, "fast_rcnn/false_negative": 0.19826408352017938, "fast_rcnn/fg_cls_accuracy": 0.7852081028761062, "iteration": 139, "loss_box_reg": 0.3182794004678726, "loss_cls": 0.21522432565689087, "loss_mask": 0.21291431039571762, "loss_rpn_cls": 0.021370353177189827, "loss_rpn_loc": 0.06257728859782219, "lr": 0.00013916099999999998, "mask_rcnn/accuracy": 0.9090557215972499, "mask_rcnn/false_negative": 0.08529413103609182, "mask_rcnn/false_positive": 0.09958690184556265, "rank_data_time": 0.14844546850008555, "roi_head/num_bg_samples": 97.5, "roi_head/num_fg_samples": 30.5, "rpn/num_neg_anchors": 218.5, "rpn/num_pos_anchors": 37.5, "time": 2.234653470000012, "total_loss": 0.8173067728057504}
{"data_time": 0.15122056749987678, "eta_seconds": 306.4845772800072, "fast_rcnn/cls_accuracy": 0.9306640625, "fast_rcnn/false_negative": 0.17005555873761385, "fast_rcnn/fg_cls_accuracy": 0.8000031369596587, "iteration": 159, "loss_box_reg": 0.3092873692512512, "loss_cls": 0.20203493535518646, "loss_mask": 0.2073276937007904, "loss_rpn_cls": 0.019621741957962513, "loss_rpn_loc": 0.0405390914529562, "lr": 0.00015914099999999999, "mask_rcnn/accuracy": 0.9098259719009425, "mask_rcnn/false_negative": 0.08686581667462508, "mask_rcnn/false_positive": 0.0976391258292093, "rank_data_time": 0.15122056749987678, "roi_head/num_bg_samples": 98.3125, "roi_head/num_fg_samples": 29.6875, "rpn/num_neg_anchors": 224.1875, "rpn/num_pos_anchors": 31.8125, "time": 2.2419018195000717, "total_loss": 0.7704158499836922}
{"data_time": 0.1594139435001125, "eta_seconds": 263.60005794002063, "fast_rcnn/cls_accuracy": 0.9189453125, "fast_rcnn/false_negative": 0.21373646653543307, "fast_rcnn/fg_cls_accuracy": 0.7571113782051282, "iteration": 179, "loss_box_reg": 0.3198280930519104, "loss_cls": 0.2177462875843048, "loss_mask": 0.2187647596001625, "loss_rpn_cls": 0.023107667453587055, "loss_rpn_loc": 0.05470719933509827, "lr": 0.00017912099999999997, "mask_rcnn/accuracy": 0.9058979822218451, "mask_rcnn/false_negative": 0.08463543681804234, "mask_rcnn/false_positive": 0.1077076206480162, "rank_data_time": 0.1594139435001125, "roi_head/num_bg_samples": 97.5625, "roi_head/num_fg_samples": 30.4375, "rpn/num_neg_anchors": 219.4375, "rpn/num_pos_anchors": 36.5625, "time": 2.222515815999941, "total_loss": 0.8688590964302421}
{"data_time": 0.1270552725000016, "eta_seconds": 219.72126825002078, "fast_rcnn/cls_accuracy": 0.92626953125, "fast_rcnn/false_negative": 0.18336779552049487, "fast_rcnn/fg_cls_accuracy": 0.8012244494914584, "iteration": 199, "loss_box_reg": 0.30189400911331177, "loss_cls": 0.20002131909132004, "loss_mask": 0.21246111392974854, "loss_rpn_cls": 0.01864812709391117, "loss_rpn_loc": 0.07056090980768204, "lr": 0.00019910099999999998, "mask_rcnn/accuracy": 0.9107139988249011, "mask_rcnn/false_negative": 0.08310066909405842, "mask_rcnn/false_positive": 0.09381374282482044, "rank_data_time": 0.1270552725000016, "roi_head/num_bg_samples": 98.0625, "roi_head/num_fg_samples": 29.9375, "rpn/num_neg_anchors": 213.8125, "rpn/num_pos_anchors": 42.1875, "time": 2.206077693999987,